Month,Total Energy CO2 Emissions,Total Energy Residential Sector CO2 Emissions,Total Energy Commercial Sector CO2 Emissions,Total Industrial Sector CO2 Emissions,Total Energy Transportation Sector CO2 Emissions,Total Energy Electric Power Sector CO2 Emissions,Biomass CO2 Emissions,Total_CO2_Emissions
,(Million Metric Tons of Carbon Dioxide),(Million Metric Tons of Carbon Dioxide),(Million Metric Tons of Carbon Dioxide),(Million Metric Tons of Carbon Dioxide),(Million Metric Tons of Carbon Dioxide),(Million Metric Tons of Carbon Dioxide),(Million Metric Tons of Carbon Dioxide),(Million Metric Tons of Carbon Dioxide)(Million Metric Tons of Carbon Dioxide)(Million Metric Tons of Carbon Dioxide)(Million Metric Tons of Carbon Dioxide)(Million Metric Tons of Carbon Dioxide)(Million Metric Tons of Carbon Dioxide)(Million Metric Tons of Carbon Dioxide)
1973 January,454.121,118.793,68.446,160.713,106.168,111.508,12.169,1031.9180000000001
1973 February,415.136,103.47,62.886,147.191,101.589,99.146,11.002,940.4199999999998
1973 March,407.459,89.634,54.979,152.424,110.421,99.11,12.182,926.2090000000001
1973 April,368.237,70.081,45.672,147.805,104.679,93.283,11.779,841.5360000000001
1973 May,376.057,59.907,43.413,157.888,114.848,98.067,12.171,862.351
1973 June,360.01,55.609,43.415,151.749,109.237,109.642,11.776,841.438
1973 July,369.792,60.062,44.792,152.744,112.194,120.9,12.168,872.6519999999999
1973 August,385.357,62.91,46.004,159.776,116.667,125.134,12.18,908.028
1973 September,361.362,59.466,42.841,152.513,106.542,111.398,11.792,845.9140000000001
1973 October,385.418,61.654,45.522,166.619,111.623,109.23,12.185,892.251
1973 November,408.452,74.044,51.566,170.884,111.958,103.601,11.78,932.285
1973 December,429.829,93.039,57.904,170.5,108.386,105.169,12.173,977.0
1974 January,429.242,109.675,64.339,153.689,101.539,105.572,12.265,976.321
1974 February,390.763,93.984,56.143,146.054,94.583,94.001,11.072,886.5999999999999
1974 March,392.619,85.037,52.889,150.048,104.645,97.978,12.257,895.473
1974 April,361.117,70.63,45.811,140.771,103.905,92.429,11.869,826.5319999999999
1974 May,360.268,58.991,42.475,148.54,110.261,101.455,12.264,834.254
1974 June,347.004,54.454,40.538,143.762,108.25,103.89,11.87,809.768
1974 July,367.659,60.047,44.043,151.674,111.895,120.248,12.258,867.8240000000001
1974 August,370.093,58.614,43.206,154.698,113.575,117.352,12.259,869.797
1974 September,350.021,54.744,40.688,151.478,103.111,102.127,11.872,814.0409999999999
1974 October,381.683,60.712,45.115,164.686,111.17,104.087,12.256,879.709
1974 November,385.826,69.554,49.029,160.508,106.735,102.565,11.861,886.0780000000001
1974 December,425.032,98.283,61.031,155.056,110.662,109.349,12.253,971.666
1975 January,438.591,105.428,61.505,162.591,109.066,110.239,11.933,999.3530000000001
1975 February,384.066,96.141,56.344,135.382,96.199,96.753,10.778,875.663
1975 March,393.692,89.597,53.589,142.97,107.536,97.945,11.932,897.261
1975 April,358.006,78.688,49.11,123.305,106.902,91.924,11.547,819.482
1975 May,336.322,58.259,41.544,127.023,109.496,95.222,11.935,779.8009999999999
1975 June,333.393,53.9,41.906,129.207,108.38,104.776,11.554,783.1159999999999
1975 July,346.909,58.009,44.025,134.366,110.509,115.772,11.934,821.524
1975 August,353.342,59.922,44.969,138.048,110.404,120.828,11.937,839.4499999999999
1975 September,336.76,54.552,40.973,135.508,105.726,101.718,11.552,786.789
1975 October,360.559,55.756,42.83,150.811,111.162,100.481,11.937,833.5360000000001
1975 November,358.053,62.98,45.479,147.393,102.202,98.652,11.55,826.309
1975 December,428.553,95.925,59.63,159.897,113.101,110.583,11.934,979.6229999999998
1976 January,452.423,119.792,69.491,154.74,108.399,119.921,13.601,1038.3670000000002
1976 February,394.251,98.931,59.381,135.414,100.524,103.162,12.724,904.3870000000001
1976 March,395.77,84.732,54.728,142.519,113.792,107.148,13.601,912.29
1976 April,364.391,68.232,46.73,137.158,112.271,100.915,13.162,842.859
1976 May,356.994,58.408,44.133,143.34,111.112,102.242,13.601,829.8299999999999
1976 June,357.695,55.587,44.61,143.143,114.356,112.458,13.165,841.0139999999999
1976 July,369.442,58.483,46.1,147.841,117.018,122.592,13.603,875.079
1976 August,366.985,58.921,45.987,147.957,114.12,124.069,13.605,871.644
1976 September,353.931,54.238,42.826,144.652,112.215,109.163,13.167,830.192
1976 October,384.239,59.795,46.06,164.864,113.52,109.199,13.606,891.2829999999999
1976 November,419.932,83.914,57.198,165.421,113.399,116.356,13.187,969.4069999999999
1976 December,478.827,113.562,68.96,174.417,121.888,125.226,13.63,1096.5100000000002
1977 January,489.102,137.242,77.513,162.45,111.898,135.095,14.649,1127.9489999999998
1977 February,418.75,112.556,63.994,133.772,108.428,111.839,13.238,962.5770000000002
1977 March,407.864,85,54.419,150.868,117.577,111.709,14.648,942.0850000000002
1977 April,369.931,65.487,46.314,141.704,116.426,102.72,14.174,856.7560000000001
1977 May,370.223,57,45.999,152.277,114.946,112.976,14.645,868.066
1977 June,376.617,57.258,47.03,153.243,119.086,122.768,14.173,890.175
1977 July,387.739,65.997,50.778,152.556,118.409,140.037,14.619,930.1350000000001
1977 August,391.269,64.44,49.624,155.453,121.752,136.009,14.635,933.182
1977 September,377.098,58.602,46.277,155.291,116.928,121.388,14.168,889.7520000000001
1977 October,387.907,60.98,46.885,161.594,118.448,112.823,14.643,903.28
1977 November,399.925,69.743,50.736,162.477,116.969,112.222,14.16,926.2319999999999
1977 December,459.034,102.225,64.157,168.418,124.233,123.14,14.623,1055.8300000000002
1978 January,469.751,118.091,69.059,165.799,116.801,131.481,16.235,1087.2169999999999
1978 February,430.306,113.371,65.88,139.244,111.811,115.709,14.665,990.9860000000001
1978 March,422.331,98.026,60.511,138.622,125.172,111.805,16.237,972.7040000000001
1978 April,376.562,68.658,46.818,142.417,118.668,102.625,15.694,871.442
1978 May,385.703,60.55,45.898,152.337,126.918,109.639,16.216,897.2610000000001
1978 June,374.984,57.427,46.86,146.871,123.827,121.965,15.693,887.6270000000001
1978 July,386.473,62.821,48.929,152.312,122.411,133.208,16.216,922.3699999999999
1978 August,399.692,66.117,50.815,154.808,127.951,138.293,16.239,953.9150000000001
1978 September,374.451,61.011,47.204,148.608,117.629,124.429,15.703,889.0350000000001
1978 October,393.086,61.643,47.978,160.218,123.247,115.863,16.239,918.2740000000001
1978 November,410.39,71.662,52.109,164.323,122.296,114.964,15.713,951.4570000000001
1978 December,460.647,100.519,64.266,170.495,125.368,127.934,16.229,1065.4579999999999
1979 January,494.655,122.747,74.901,174.024,122.983,139.997,17.123,1146.43
1979 February,454.46,116.074,69.911,150.09,118.384,124.185,15.48,1048.584
1979 March,435.943,91.379,59.591,154.69,130.283,117.222,17.146,1006.254
1979 April,383.245,70.3,50.177,145.557,117.21,110.253,16.583,893.325
1979 May,387.926,58.588,47.267,158.49,123.581,117.223,17.138,910.213
1979 June,378.406,55.64,47.518,156.138,119.11,126.598,16.581,899.991
1979 July,385.922,61.157,49.738,157.074,117.954,139.121,17.132,928.098
1979 August,398.613,64.111,49.959,160.585,123.958,140.406,17.142,954.7740000000001
1979 September,370.681,56.781,45.877,152.099,115.924,122.404,16.588,880.3539999999999
1979 October,399.979,59.235,49.223,168.146,123.375,121.367,17.138,938.463
1979 November,408.223,70.764,53.719,167.07,116.669,120.408,16.592,953.445
1979 December,452.17,93.458,63.238,172.92,122.555,129.853,17.137,1051.331
1980 January,463.887,107.88,69.3,167.587,119.12,137.365,19.675,1084.814
1980 February,438.313,104.764,66.422,151.791,115.336,130.438,18.407,1025.471
1980 March,427.83,92.352,60.572,155.117,119.788,126.379,19.668,1001.706
1980 April,373.681,67.445,48.264,138.819,119.152,109.347,19.027,875.735
1980 May,361.118,55.836,45.389,142.214,117.68,112.42,19.651,854.308
1980 June,355.298,56.835,47.473,137.995,112.996,125.572,19.012,855.181
1980 July,376.518,68.929,52.555,138.175,116.859,150.336,19.653,923.0250000000001
1980 August,371.759,69.611,51.578,136.887,113.683,149.936,19.663,913.1170000000001
1980 September,363.278,60.889,48.057,141.01,113.323,130.902,19.029,876.488
1980 October,382.032,60.261,49.47,153.099,119.201,120.41,19.668,904.1410000000001
1980 November,391.445,72.028,55.666,154.31,109.441,122.475,19.032,924.3970000000002
1980 December,451.321,98.716,67.538,164.481,120.586,135.443,19.663,1057.748
1981 January,470.183,119.71,74.843,154.747,120.883,142.905,20.379,1103.6499999999999
1981 February,396.775,97.578,61.89,130.408,106.899,122.356,18.411,934.317
1981 March,401.711,82.615,57.205,145.629,116.262,125.706,20.383,949.5110000000001
1981 April,356.42,62.139,47.751,133.482,113.047,115.336,19.725,847.9000000000001
1981 May,357.357,55.534,47.247,139.612,114.964,119.164,20.368,854.246
1981 June,363.199,57.319,49.995,138.671,117.213,136.344,19.704,882.4449999999999
1981 July,380.599,65.839,52.95,143.003,118.807,150.995,20.364,932.557
1981 August,372.856,63.013,51.533,142.107,116.203,143.24,20.367,909.319
1981 September,356.2,54.753,48.221,139.883,113.343,127.269,19.724,859.393
1981 October,375.84,61.579,52.505,147.167,114.589,125.092,20.381,897.153
1981 November,374.151,68.545,54.316,140.827,110.463,119.277,19.722,887.301
1981 December,431.496,93.523,65.495,151.879,120.599,132.219,20.371,1015.582
1982 January,453.185,118.418,74.618,149.213,110.936,144.104,20.722,1071.196
1982 February,393.957,99.579,64.172,124.605,105.601,122.645,18.719,929.278
1982 March,393.09,85.643,60.034,131.819,115.594,120.728,20.714,927.6219999999998
1982 April,363.806,71.555,52.88,122.384,116.986,110.056,20.043,857.71
1982 May,337.348,54.997,47.49,120.518,114.343,113.991,20.712,809.399
1982 June,332.945,52.891,46.936,119.359,113.759,119.987,20.046,805.923
1982 July,351.759,62.493,52.485,122.343,114.438,141.371,20.717,865.606
1982 August,353.136,63.17,52.352,124.572,113.042,139.62,20.715,866.6070000000001
1982 September,334.118,58.152,50.416,115.782,109.767,121.795,20.055,810.0849999999998
1982 October,343.792,56.898,49.743,126.04,111.111,116.222,20.734,824.54
1982 November,359.229,65.652,52.83,128.453,112.294,116.209,20.054,854.7209999999999
1982 December,388.425,87.522,62.299,123.961,114.643,123.327,20.718,920.895
1983 January,411.02,108.851,70.802,124.496,106.871,128.845,22.386,973.271
1983 February,359.968,88.569,59.605,114.551,97.243,111.668,20.221,851.8250000000002
1983 March,381.931,82.631,59.118,121.385,118.796,115.95,22.389,902.2000000000002
1983 April,347.72,69.732,52.125,116.613,109.25,106.878,21.664,823.9820000000001
1983 May,336.813,55.512,46.833,119.73,114.738,110.94,22.39,806.956
1983 June,337.96,53.483,48.617,119.438,116.423,123.551,21.671,821.1430000000001
1983 July,361.509,66.045,55.791,124.626,115.047,150.133,22.391,895.542
1983 August,375.366,72.026,57.776,127.415,118.148,159.1,22.395,932.226
1983 September,346.657,60.919,51.18,120.686,113.872,134.335,21.674,849.323
1983 October,346.249,55.16,50.46,125.855,114.773,123.46,22.399,838.356
1983 November,359.918,64.084,53.954,129.618,112.261,121.905,21.679,863.419
1983 December,419.169,94.204,67.769,135.881,121.315,143.489,22.413,1004.24
1984 January,462.028,123.042,77.333,146.901,114.752,145.292,22.645,1091.993
1984 February,394.555,94.03,63.388,132.611,104.526,123.199,21.172,933.481
1984 March,411.48,89.886,64.17,140.862,116.562,129.345,22.642,974.947
1984 April,374.04,70.874,54.117,133.919,115.13,113.547,21.899,883.5260000000001
1984 May,365.99,59.929,51.086,134.675,120.3,120.59,22.63,875.2
1984 June,362.71,59.581,53.595,131.516,118.017,139.657,21.901,886.9769999999999
1984 July,371.389,64.899,56.346,131.05,119.095,148.529,22.651,913.959
1984 August,384.155,68.335,58.366,135.176,122.277,156.602,22.652,947.563
1984 September,347.71,58.808,52.583,123.656,112.662,130.552,21.928,847.8990000000001
1984 October,363.347,58.018,54.174,133.072,118.084,130.924,22.678,880.2969999999999
1984 November,373.248,69.181,58.051,131.326,114.69,129.636,21.968,898.0999999999998
1984 December,402.57,90.085,64.503,132.837,115.145,131.793,22.688,959.621
1985 January,444.897,112.751,72.375,143.272,116.499,149.14,22.936,1061.8700000000001
1985 February,411.542,108.804,67.799,128.582,106.358,129.297,20.716,973.0980000000001
1985 March,394.73,85.163,60.151,130.521,118.895,126.38,22.936,938.776
1985 April,368.024,66.996,53.089,128.449,119.49,119.192,22.15,877.39
1985 May,361.597,56.021,51.385,131.26,122.931,127.369,22.891,873.454
1985 June,353.801,58.274,52.262,125.559,117.706,136.464,22.153,866.219
1985 July,374.479,66.31,57.782,128.429,121.959,153.177,22.916,925.0520000000001
1985 August,380.691,67.14,57.616,130.364,125.571,153.091,22.931,937.404
1985 September,345.815,60.609,52.626,119.464,113.115,134.331,22.192,848.1519999999999
1985 October,364.407,59.79,53.947,129.078,121.592,129.341,22.924,881.079
1985 November,366.616,67.208,56.538,126.539,116.331,126.499,22.195,881.926
1985 December,439.114,104.662,72.513,139.481,122.458,146.876,22.928,1048.0320000000002
1986 January,449.892,116.066,75.01,141.48,117.336,147.362,22.127,1069.273
1986 February,399.936,96.784,66.17,130.212,106.77,126.545,19.97,946.387
1986 March,407.095,86.682,61.353,135.51,123.551,125.394,22.091,961.676
1986 April,363.864,64.668,51.944,125.096,122.156,114.6,21.377,863.705
1986 May,363.564,57.917,51.91,128.296,125.441,124.022,22.091,873.241
1986 June,363.881,60.321,56.33,124.264,122.965,141.496,21.382,890.6389999999999
1986 July,387.609,74.099,62.147,122.194,129.17,165.786,22.109,963.1139999999999
1986 August,377.223,69.141,57.585,120.732,129.765,150.977,22.124,927.547
1986 September,349.014,59.393,53.815,117.536,118.271,135.419,21.405,854.853
1986 October,361.69,60.583,53.436,120.713,126.958,128.163,22.106,873.649
1986 November,368.323,69.506,57.167,121.614,120.036,127.179,21.406,885.2309999999999
1986 December,423.915,95.056,67.086,131.052,130.721,137.548,22.138,1007.5160000000001
1987 January,448.387,111.578,72.985,142.185,121.638,145.182,21.505,1063.46
1987 February,402.666,95.961,65.138,127.183,114.385,124.984,19.423,949.74
1987 March,403.445,87.976,63.174,126.933,125.362,128.293,21.504,956.687
1987 April,378.676,69.964,55.139,127.287,126.285,120.951,20.798,899.1
1987 May,372.358,60.808,55.263,126.772,129.515,133.21,21.491,899.417
1987 June,381.913,64.994,58.628,130.055,128.237,151.484,20.833,936.144
1987 July,406.201,75.868,63.63,133.408,133.295,169.574,21.524,1003.5000000000001
1987 August,399.25,76.133,61.83,131.554,129.733,168.313,21.527,988.34
1987 September,369.492,62.181,55.765,125.659,125.886,139.858,20.816,899.6569999999999
1987 October,386.135,64.031,57.909,132.525,131.67,133.233,21.498,927.001
1987 November,385.027,72.008,59.774,130.773,122.472,132.008,20.808,922.87
1987 December,442.364,98.043,69.849,142.811,131.662,145.222,21.507,1051.458
1988 January,472.712,124.205,78.539,141.687,128.281,156.732,22.488,1124.644
1988 February,441.654,107.148,71.623,137.651,125.232,140.504,21.036,1044.848
1988 March,438.712,92.175,66.41,143.956,136.171,135.509,22.491,1035.424
1988 April,387.009,70.402,57.2,128.867,130.541,124.357,21.765,920.141
1988 May,380.956,61.34,55.62,133.44,130.556,131.105,22.462,915.479
1988 June,392.795,64.419,60.632,134.252,133.492,152.987,21.775,960.3519999999999
1988 July,409.736,77.106,65.858,134.94,131.832,171.588,22.5,1013.5600000000001
1988 August,426.512,82.199,68.067,142.026,134.22,181.118,22.519,1056.661
1988 September,380.217,63.63,57.003,130.518,129.067,142.828,21.775,925.0379999999999
1988 October,399.583,65.342,59.262,141.044,133.935,138.608,22.494,960.2679999999999
1988 November,407.383,76.105,62.083,139.46,129.735,137.598,21.759,974.123
1988 December,461.328,103.424,72.97,148.199,136.735,154.973,22.484,1100.113
1989 January,460.901,113.5,74.634,143.983,128.783,155.127,23.592,1100.5200000000002
1989 February,439.713,107.623,73.019,138.492,120.579,150.496,21.583,1051.505
1989 March,454.326,101.158,71.756,144.763,136.648,150.52,23.878,1083.049
1989 April,400.292,75.188,60.964,136.161,127.979,136.155,22.286,959.0250000000001
1989 May,395.496,64.249,58.52,139.304,133.422,140.799,21.047,952.837
1989 June,400.536,65.409,60.896,138.85,135.381,153.639,21.748,976.4590000000001
1989 July,408.038,74.05,64.582,136.762,132.644,169.242,22.818,1008.136
1989 August,417.794,74.374,65.056,139.955,138.408,169.171,24.322,1029.08
1989 September,386.808,66.639,59.571,133.47,127.127,150.732,23.14,947.487
1989 October,404.713,65.929,59.776,141.722,137.286,143.672,24.171,977.269
1989 November,415.741,78.306,64.45,141.794,131.191,143.109,24.238,998.829
1989 December,500.614,123.714,83.595,151.755,141.55,173.241,24.822,1199.291
1990 January,464.497,114.368,74.063,144.178,131.888,152.103,20.528,1101.625
1990 February,414.141,91.644,65.593,132.977,123.928,132.772,19.697,980.7520000000001
1990 March,433.475,87.045,66.693,143.6,136.136,142.256,21.189,1030.394
1990 April,403.829,73.183,61.617,140.316,128.713,137.249,20.182,965.089
1990 May,401.027,63.352,59.685,141.789,136.201,142.218,18.034,962.3059999999999
1990 June,404.99,67.539,63.781,142.154,131.516,160.766,15.069,985.8149999999998
1990 July,419.496,76.396,67.892,140.76,134.448,174.789,18.942,1032.723
1990 August,434.77,76.108,68.637,147.373,142.653,177.373,21.336,1068.25
1990 September,395.513,70.591,63.175,137.127,124.62,160.122,20.82,971.968
1990 October,410.139,67.085,62.924,145.894,134.237,151.487,20.351,992.117
1990 November,405.76,73.712,63.032,138.96,130.055,139.409,19.015,969.943
1990 December,450.677,100.383,73.676,144.401,132.216,155.178,21.368,1077.8990000000001
1991 January,476.657,122.11,80.351,145.8,128.396,162.47,23.393,1139.177
1991 February,405.515,94.721,66.873,126.586,117.335,134.489,17.486,963.0050000000001
1991 March,421.69,88.587,66.155,134.785,132.164,138.891,18.191,1000.463
1991 April,387.682,70.057,59.361,131.554,126.71,132.086,15.97,923.4200000000001
1991 May,392.21,64.828,61.115,135.107,131.16,148.175,17.4,949.995
1991 June,393.807,67.933,62.365,131.68,131.829,158.147,17.785,963.5459999999999
1991 July,418.454,77.487,67.211,138.449,135.306,174.792,17.846,1029.545
1991 August,420.63,75.696,66.628,141.045,137.26,175.12,21.598,1037.977
1991 September,392.162,66.601,60.532,137.572,127.457,153.539,23.262,961.125
1991 October,408.542,65.904,61.891,145.215,135.533,146.797,21.593,985.475
1991 November,420.134,82.742,66.33,143.487,127.575,147.643,20.785,1008.696
1991 December,455.369,102.179,73.424,143.461,136.304,152.378,23.191,1086.306
1992 January,471.131,115.892,76.627,148.162,130.45,157.907,24.018,1124.187
1992 February,427.575,99.023,68.228,135.989,124.336,140.083,19.556,1014.79
1992 March,441.668,90.924,68.646,148.927,133.171,148.13,18.66,1050.126
1992 April,410.584,76.769,62.588,140.833,130.394,139.864,17.776,978.808
1992 May,400.33,63.538,59.628,142.575,134.589,142.952,15.699,959.3109999999998
1992 June,395.589,62.974,60.909,141.221,130.486,153.872,19.572,964.6229999999999
1992 July,428.425,76.093,67.834,148.034,136.464,178.9,21.294,1057.0440000000003
1992 August,416.074,71.707,64.178,144.243,135.945,169.286,23.143,1024.576
1992 September,397.742,67.335,62.724,139.593,128.089,157.694,21.499,974.6759999999999
1992 October,411.702,66.819,61.426,146.523,136.934,147.253,23.237,993.8939999999999
1992 November,417.932,79.596,65.122,144.793,128.421,145.266,23,1004.13
1992 December,474.972,109.571,76.256,147.931,141.215,157.733,22.585,1130.2630000000001
1993 January,462.057,117.787,76.5,142.305,125.466,157.779,23.193,1105.0870000000002
1993 February,439.123,106.557,72.54,138.829,121.197,146.103,20.59,1044.9389999999999
1993 March,465.12,105.277,74.169,149.783,135.891,156.216,22.243,1108.699
1993 April,408.365,77.333,62.397,136.709,131.927,137.032,19.147,972.9100000000002
1993 May,390.219,60.506,57.399,135.882,136.433,137.556,16.07,934.0650000000002
1993 June,405.202,67.728,63.815,141.208,132.451,161.99,16.263,988.657
1993 July,437.704,85.426,71.206,144.359,136.713,191.868,17.751,1085.027
1993 August,438.304,85.512,71.128,144.492,137.172,192.246,22.631,1091.4850000000001
1993 September,406.509,71.073,62.279,139.758,133.399,160.62,21.383,995.0210000000001
1993 October,417.673,68.458,62.932,149.747,136.536,154.042,21.928,1011.316
1993 November,434.704,83.446,66.72,149.645,134.893,153.605,22.533,1045.546
1993 December,480.72,109.855,76.51,152.522,141.833,165.678,22.564,1149.682
1994 January,509.362,136.753,86.362,154.981,131.266,178.846,26.554,1224.124
1994 February,460.805,114.266,76.144,144.206,126.19,151.062,20.887,1093.5600000000002
1994 March,452.924,97.426,72.511,145.762,137.225,153.569,22.095,1081.5120000000002
1994 April,413.603,73.637,62.946,141.266,135.755,142.28,20.001,989.4879999999999
1994 May,408.471,65.192,61.24,143.251,138.788,148.617,16.457,982.016
1994 June,428.064,73.729,69.44,147.611,137.285,178.599,17.761,1052.4889999999998
1994 July,435.262,82.459,70.487,142.93,139.387,187.96,23.32,1081.8049999999998
1994 August,442.651,78.421,69.645,148.624,145.962,184.924,21.2,1091.4270000000001
1994 September,406.311,66.75,62.078,143.219,134.264,159.384,19.753,991.759
1994 October,417.606,66.334,63.031,148.786,139.456,152.768,23.004,1010.9850000000001
1994 November,417.726,75.613,64.314,143.839,133.96,145.191,21.872,1002.515
1994 December,469.974,101.343,73.629,150.682,144.32,156.539,21.8,1118.287
1995 January,480.834,117.355,79.034,148.656,135.788,162.251,20.119,1144.0369999999998
1995 February,447.621,105.752,74.164,141.212,126.493,147.003,16.967,1059.212
1995 March,454.244,92.187,71.001,147.86,143.196,148.799,20.019,1077.306
1995 April,412.733,73.699,63.641,139.961,135.433,138.722,22.314,986.5029999999999
1995 May,415.714,66.091,62.458,144.94,142.226,148.962,18.944,999.3349999999999
1995 June,422.277,68.955,65.137,144.392,143.794,165.321,18.743,1028.619
1995 July,445.244,84.686,73.906,146.768,139.884,196.216,25.002,1111.7060000000001
1995 August,465.943,92.252,76.791,151.386,145.514,209.887,25.597,1167.37
1995 September,419.94,71.404,64.855,143.96,139.721,165.419,22.677,1027.9759999999999
1995 October,421.284,66.384,65.156,146.415,143.329,154.396,24.86,1021.824
1995 November,444.66,86.182,71.623,147.306,139.548,153.305,22.77,1065.394
1995 December,494.626,114.899,82.609,153.34,143.778,167.001,21.983,1178.236
1996 January,514.344,134.302,85.679,154.382,139.981,174.601,23.171,1226.4600000000003
1996 February,476.528,116.728,78.698,146.838,134.264,157.008,18.926,1128.9899999999998
1996 March,477.68,104.137,75.72,153.383,144.439,156.393,21.71,1133.462
1996 April,430.652,79.63,65.703,143.592,141.727,141.504,16.947,1019.755
1996 May,433.456,70.615,66.31,148.218,148.313,159.455,19.506,1045.873
1996 June,434.219,74.473,68.262,148.863,142.622,175.632,21.58,1065.651
1996 July,455.187,84.442,73.099,149.205,148.441,195.622,23.957,1129.9530000000002
1996 August,462.25,83.613,74.31,151.99,152.337,197.29,25.449,1147.239
1996 September,421.944,71.922,66.99,144.76,138.273,170.972,21.88,1036.741
1996 October,451.426,71.593,68.764,158.915,152.153,164.583,26.1,1093.5339999999999
1996 November,462.909,91.984,75.489,154.026,141.41,164.925,24.974,1115.717
1996 December,497.682,115.035,82.831,155.363,144.453,172.097,21.922,1189.383
1997 January,520.183,132.996,89.648,157.122,140.418,180.478,23.376,1244.2210000000002
1997 February,456.857,106.488,76.522,141.889,131.957,151.118,18.813,1083.6440000000002
1997 March,468.671,95.25,76.112,151.693,145.616,156.975,20.933,1115.25
1997 April,443.02,78.142,69.147,149.491,146.24,149.222,20.964,1056.226
1997 May,437.534,69.366,68.572,149.828,149.768,158.916,22.108,1056.0919999999999
1997 June,439.44,71.33,72.362,150.291,145.456,176.918,19.156,1074.953
1997 July,479.724,90.164,81.784,154.313,153.462,210.144,21.593,1191.184
1997 August,466.985,85.575,77.487,153.975,149.947,201.759,22.25,1157.978
1997 September,440.754,75.964,73.95,148.524,142.316,184.819,20.967,1087.2940000000003
1997 October,458.71,76.786,75.236,156.795,149.892,177.62,25.868,1120.9069999999997
1997 November,462.941,89.972,76.698,153.054,143.217,166.741,22.211,1114.834
1997 December,515.333,117.524,87.587,160.484,149.738,183.067,21.22,1234.953
1998 January,508.805,123.437,87.497,153.064,144.808,179.532,23.403,1220.5459999999998
1998 February,451.803,101.24,76.453,142.146,131.963,154.937,17.612,1076.154
1998 March,481.794,101.9,80.224,151.92,147.75,167.543,20.028,1151.1589999999999
1998 April,445.755,77.446,70.601,146.112,151.596,154.978,19.745,1066.233
1998 May,447.679,73.292,74.249,151.649,148.489,177.802,20.69,1093.8500000000001
1998 June,461.353,83.254,78.347,151.379,148.373,199.229,14.89,1136.825
1998 July,492.975,98.647,84.53,152.94,156.856,222.42,20.417,1228.785
1998 August,492.468,95.856,84.753,157.754,154.105,222.306,21.136,1228.3780000000002
1998 September,454.477,82.07,77.419,147.907,147.08,196.097,20.568,1125.6180000000002
1998 October,452.101,74.826,73.168,150.167,153.94,173.643,22.324,1100.169
1998 November,446.096,79.181,73.849,147.221,145.844,160.462,18.988,1071.641
1998 December,501.702,105.7,83.819,157.515,154.667,177.489,22.427,1203.319
1999 January,524.822,136.757,91.845,151.142,145.078,187.098,22.796,1259.538
1999 February,459.215,104.555,80.8,139.143,134.717,159.452,18.155,1096.037
1999 March,494.213,106.737,83.121,151.439,152.917,171.783,17.126,1177.336
1999 April,454.001,82.91,75.125,146.662,149.302,167.024,20.375,1095.399
1999 May,447.388,72.49,73.87,146.049,154.979,176.068,24.138,1094.982
1999 June,458.261,79.536,77.71,147.716,153.298,193.869,19.568,1129.958
1999 July,494.952,99.212,87.189,150.541,158.01,229.16,22.195,1241.259
1999 August,494.835,96.902,83.665,154.669,159.599,221.187,21.582,1232.439
1999 September,449.559,78.58,73.754,148.345,148.881,185.579,20.117,1104.815
1999 October,460.629,74.569,74.936,151.926,159.198,173.771,18.64,1113.669
1999 November,449.907,79.366,72.975,147.644,149.922,161.054,21.231,1082.0990000000002
1999 December,512.163,109.282,83.733,153.302,165.846,173.465,19.315,1217.106
2000 January,532.009,136.409,95.431,152.806,147.364,197.87,18.071,1279.96
2000 February,497.88,117.951,87.106,145.655,147.168,176.418,20.273,1192.4509999999998
2000 March,489.034,96.937,84.572,150.888,156.638,176.193,21.682,1175.9440000000002
2000 April,448.683,79.392,74.823,140.995,153.472,161.982,20.741,1080.088
2000 May,472.124,77.087,80.332,154.731,159.975,187.582,20.72,1152.5510000000002
2000 June,475.448,84.614,82.061,150.361,158.413,203.796,18.56,1173.253
2000 July,489.546,93.718,84.784,146.864,164.179,216.24,21.003,1216.334
2000 August,512.156,98.887,90.522,156.732,166.015,228.544,21.314,1274.17
2000 September,464.596,83.834,79.181,147.026,154.555,194.454,19.853,1143.4990000000003
2000 October,471.161,79.558,79.597,149.249,162.757,183.83,22.529,1148.681
2000 November,478.537,93.973,83.629,146.843,154.093,178.401,21.862,1157.338
2000 December,557.548,143.059,98.962,152.449,163.079,200.713,21.757,1337.567
2001 January,555.935,152.598,101.53,150.604,151.203,205.245,20.301,1337.4159999999997
2001 February,485.134,118.078,86.578,140.31,140.169,172.111,17.903,1160.283
2001 March,509.574,111.594,89.189,151.086,157.706,180.819,19.383,1219.351
2001 April,458.497,84.486,77.776,142.525,153.711,166.798,18.828,1102.621
2001 May,460.101,73.88,79.064,146.452,160.704,181.32,18.605,1120.126
2001 June,458.08,81.258,82.49,139.058,155.274,196.458,18.658,1131.2759999999998
2001 July,493.374,97.289,89.5,141.7,164.885,220.76,19.733,1227.241
2001 August,502.738,102.007,91.844,146.306,162.581,230.099,19.777,1255.352
2001 September,445.254,79.928,79.462,135.706,150.159,187.474,18.819,1096.802
2001 October,462.61,77.478,80.438,145.254,159.439,177.805,20.16,1123.184
2001 November,451.896,82.092,78.575,140.339,150.889,166.833,19.221,1089.845
2001 December,495.151,110.695,89.856,141.884,152.714,182.547,19.696,1192.543
2002 January,521.267,132.31,91.804,144.338,152.815,186.372,19.84,1248.7459999999999
2002 February,464.82,109.832,82.714,131.375,140.898,163.632,17.474,1110.745
2002 March,497.845,109.365,86.177,143.017,159.286,176.227,18.8,1190.717
2002 April,460.196,85.211,78.244,139.69,157.051,167.464,18.592,1106.448
2002 May,461.124,78.121,78.586,141.424,162.992,177.692,19.676,1119.6149999999998
2002 June,466.89,86.006,81.664,139.05,160.17,198.876,18.82,1151.4759999999999
2002 July,502.601,102.661,89.139,145.895,164.906,228.005,20.737,1253.944
2002 August,500.483,101.407,87.982,144.89,166.203,225.224,19.531,1245.7199999999998
2002 September,461.628,87.525,82.602,137.944,153.557,200.888,20.067,1144.211
2002 October,471.266,84.229,85.005,141.681,160.351,187.373,21.136,1151.041
2002 November,481.984,96.397,85.468,142.679,157.44,178.284,20.023,1162.2749999999999
2002 December,529.902,129.66,96.246,140.903,163.094,194.73,20.794,1275.3290000000002
2003 January,554.881,151.985,103.956,145.578,153.363,206.955,20.185,1336.9029999999998
2003 February,506.411,131.968,91.782,139.205,143.456,180.064,18.554,1211.4400000000003
2003 March,504.046,113.104,88.265,142.93,159.747,179.405,19.871,1207.3680000000002
2003 April,458.362,84.729,77.3,139.664,156.668,165.335,19.599,1101.657
2003 May,454.77,78.009,77.153,137.544,162.063,176.137,19.692,1105.368
2003 June,457.636,81.9,79.762,136.938,159.035,193.252,19.484,1128.0069999999998
2003 July,497.415,100.196,88.748,142.786,165.684,223.44,20.794,1239.063
2003 August,507.333,102.439,89.598,144.635,170.661,229.638,20.643,1264.947
2003 September,459.956,86.394,79.928,136.521,157.113,195.247,19.603,1134.7620000000002
2003 October,473.036,80.731,81.617,145.166,165.523,185.244,20.245,1151.562
2003 November,475.243,91.006,83.033,142.514,158.69,181.118,20.141,1151.7450000000001
2003 December,537.875,129.596,94.847,148.811,164.621,199.401,21.482,1296.633
2004 January,560.805,153.064,102.88,146.962,157.898,207.567,21.83,1351.0059999999999
2004 February,521.961,132.262,94.021,141.894,153.784,186.018,20.253,1250.193
2004 March,504.053,105.786,86.517,146.471,165.279,178.305,21.08,1207.491
2004 April,465.289,83.27,78.613,141.413,161.993,167.328,21.074,1118.98
2004 May,477.884,79.334,82.148,150.069,166.333,189.273,20.654,1165.695
2004 June,476.587,87.282,82.427,142.641,164.237,201.144,20.84,1175.158
2004 July,503.602,98.983,88.572,145.401,170.647,223.079,21.849,1252.1329999999998
2004 August,500.587,96.39,87.253,146.458,170.486,219.024,21.517,1241.715
2004 September,469.275,85.48,82.311,140.147,161.337,199.73,20.58,1158.86
2004 October,478.247,81.37,82.162,145.215,169.499,186.533,21.514,1164.54
2004 November,486.961,92.409,84.705,147.019,162.828,183.336,20.925,1178.183
2004 December,548.75,131.737,100.158,149.528,167.327,204.6,22.472,1324.572
2005 January,553.48,145.913,100.427,145.76,161.381,206.806,22.4,1336.1670000000001
2005 February,494.829,120.582,88.344,135.582,150.321,178.204,20.895,1188.757
2005 March,522.932,116.138,91.656,147.43,167.708,188.401,21.84,1256.1050000000002
2005 April,461.706,83.655,78.131,136.415,163.506,168.256,20.738,1112.407
2005 May,471.77,78.118,79.844,142.577,171.232,181.095,21.593,1146.229
2005 June,487.58,92.303,87.987,141.632,165.658,213.084,21.37,1209.6139999999998
2005 July,513.898,109.161,92.853,138.912,172.972,237.66,22.36,1287.816
2005 August,521.558,110.305,94.403,142.084,174.766,241.596,22.459,1307.1710000000003
2005 September,473.49,93.052,85.379,133.47,161.588,211.334,21.374,1179.6870000000001
2005 October,474.289,85.139,83.952,136.866,168.332,193.367,21.815,1163.76
2005 November,478.55,90.643,83.927,140.029,163.95,182.639,21.46,1161.1979999999999
2005 December,553.462,136.096,100.182,146.191,170.993,209.002,22.484,1338.4099999999999
2006 January,521.934,124.269,91.057,140.375,166.233,189.433,22.905,1256.206
2006 February,487.065,115.61,88.132,132.131,151.192,178.045,20.258,1172.433
2006 March,512.376,110.473,88.935,142.05,170.918,183.395,21.693,1229.84
2006 April,454.745,81.351,76.098,131.284,166.012,165.951,20.757,1096.198
2006 May,468.716,77.451,81.205,138.021,172.04,185.224,21.939,1144.596
2006 June,481.565,88.457,84.894,138.932,169.282,206.056,22.077,1191.263
2006 July,515.237,107.856,92.664,137.78,176.938,238.528,22.906,1291.9089999999999
2006 August,524.564,108.385,93.555,144.738,177.886,240.303,22.982,1312.413
2006 September,467.17,83.194,80.96,138.309,164.707,195.054,22.208,1151.602
2006 October,486.759,83.132,86.476,144.831,172.32,193.135,22.847,1189.5
2006 November,481.032,92.233,85.046,140.372,163.382,182.987,22.397,1167.449
2006 December,528.741,119.15,93.396,143.773,172.423,197.995,23.349,1278.827
2007 January,543.414,135.869,98.362,143.752,165.432,204.445,23.817,1315.091
2007 February,521.605,137.004,95.58,136.181,152.841,190.523,21.231,1254.9650000000001
2007 March,508.093,109.493,89.336,140.232,169.033,183.291,23.004,1222.482
2007 April,469.883,85.299,81.431,136.38,166.773,173.52,22.225,1135.511
2007 May,474.752,77.328,81.263,141.357,174.804,186.611,22.654,1158.769
2007 June,482.397,87.925,86.726,136.731,171.015,210.228,22.492,1197.514
2007 July,506.571,101.118,90.624,137.227,177.601,230.26,23.366,1266.767
2007 August,529.426,110.159,96.809,143.905,178.554,247.667,23.258,1329.778
2007 September,476.99,91.364,84.585,135.505,165.536,209.157,22.503,1185.6399999999999
2007 October,478.486,81.86,85.815,139.567,171.245,196.875,23.626,1177.474
2007 November,482.706,92.788,86.534,138.029,165.355,184.421,23.047,1172.88
2007 December,540.939,130.372,99.261,143.142,168.164,204.958,24.433,1311.269
2008 January,555.415,147.854,103.765,145.511,158.285,211.332,25.597,1347.7589999999998
2008 February,511.68,131.045,97.02,136.649,146.966,190.905,23.138,1237.403
2008 March,506.049,113.064,91.228,139.671,162.087,185.257,23.977,1221.333
2008 April,462.561,85.653,81.447,135.394,160.067,173.776,23.854,1122.752
2008 May,461.017,75.986,81.05,137.842,166.138,182.228,24.1,1128.3609999999999
2008 June,468.351,89.735,86.769,133.182,158.665,209.444,23.555,1169.701
2008 July,495.015,102.701,92.472,135.569,164.273,231.466,24.809,1246.305
2008 August,485.408,98.866,89.589,133.727,163.226,225.554,24.694,1221.064
2008 September,437.092,82.802,82.846,124.028,147.416,197.832,23.738,1095.7540000000001
2008 October,461.964,78.498,83.711,138.771,160.985,183.889,24.638,1132.456
2008 November,462.292,93.901,86.014,131.279,151.097,180.854,24.059,1129.4959999999999
2008 December,516.493,134.77,98.303,127.062,156.357,198.423,24.039,1255.4470000000001
2009 January,533.309,148.624,103.783,128.596,152.307,201.193,23.322,1291.1339999999998
2009 February,456.57,117.668,86.685,114.683,137.534,166.585,21.276,1101.001
2009 March,460.966,103.195,84.671,117.14,155.959,165.023,23.496,1110.45
2009 April,418.649,80.275,75.309,109.97,153.094,152.877,22.648,1012.822
2009 May,412.306,71.035,74.53,112.359,154.381,162.864,23.604,1011.0790000000001
2009 June,428.582,80.773,80.11,113.022,154.676,185.663,23.667,1066.493
2009 July,447.494,92.814,83.15,113.727,157.803,203.007,25.029,1123.024
2009 August,458.837,94.565,86.172,118.504,159.597,211.051,25.421,1154.1470000000002
2009 September,417.568,76.953,76.684,116.048,147.882,177.871,24.046,1037.052
2009 October,432.272,78.104,79.289,119.66,155.218,171.08,25.108,1060.7309999999998
2009 November,427.341,83.427,77.958,118.314,147.642,163.586,24.666,1042.934
2009 December,510.075,130.515,98.065,126,155.494,195.708,25.48,1241.337
2010 January,524.209,152.643,100.587,123.177,147.802,203.686,26.73,1278.8339999999998
2010 February,471.433,127.17,90.732,118.716,134.814,178.574,24.837,1146.2759999999998
2010 March,469.037,103.799,82.256,128.116,154.866,170.51,27.144,1135.7279999999998
2010 April,420.441,72.396,72.404,121.546,154.094,153.669,26.467,1021.017
2010 May,435.608,73.802,77.82,125.526,158.46,175.492,26.995,1073.703
2010 June,457.383,90.773,84.881,125.448,156.281,205.602,27.105,1147.473
2010 July,484.454,106.261,89.57,126.791,161.831,230.443,27.93,1227.2800000000002
2010 August,490.663,105.098,90.338,133.369,161.858,231.669,28.012,1241.007
2010 September,441.784,81.569,78.783,126.567,154.865,189.344,27.028,1099.94
2010 October,427.192,71.897,76.382,122.029,156.883,165.814,27.564,1047.761
2010 November,444.028,87.565,81.097,125.5,149.866,165.464,27.229,1080.749
2010 December,527.582,138.689,99.717,133.828,155.348,199.723,28.408,1283.2949999999998
2011 January,529.291,149.335,99.543,131.731,148.682,199.444,27.654,1285.68
2011 February,454.482,117.439,84.647,115.899,136.496,164.896,25.378,1099.237
2011 March,464.574,98.096,82.609,129.428,154.441,163.316,27.498,1119.9620000000002
2011 April,418.515,75.796,72.383,120.223,150.112,154.81,26.069,1017.9079999999999
2011 May,425.525,71.744,74.848,123.857,155.077,169.403,26.939,1047.393
2011 June,445.152,85.691,80.81,123.394,155.257,196.012,27.914,1114.23
2011 July,476.216,104.55,88.757,126.314,156.595,228.151,28.057,1208.6399999999999
2011 August,480.293,101.989,88.402,131.924,157.978,223.094,28.851,1212.531
2011 September,428.329,79.166,76.911,122.715,149.537,181.443,27.399,1065.5
2011 October,424.911,70.956,76.47,125.529,151.956,162.086,27.786,1039.694
2011 November,432.51,83.089,77.006,126.509,145.906,155.396,27.83,1048.2459999999999
2011 December,475.055,113.132,87.434,123.828,150.662,171.571,29.322,1151.004
2012 January,477.264,120.102,86.907,127.128,143.127,167.725,26.933,1149.186
2012 February,440.142,100.958,79.133,121.666,138.385,152.691,25.835,1058.8100000000002
2012 March,417.405,78.093,70.314,120.87,148.128,143.786,27.213,1005.809
2012 April,390.729,63.643,65.002,115.769,146.314,135.48,26.027,942.9639999999999
2012 May,414.721,67.384,71.299,122.602,153.436,161.333,27.4,1018.175
2012 June,427.533,78.65,75.882,121.708,151.294,181.432,27.074,1063.573
2012 July,467.514,100.587,85.741,126.275,154.911,219.786,27.693,1182.507
2012 August,463.817,94.03,83.75,128.004,158.033,208.346,28.352,1164.332
2012 September,411.43,74.433,73.89,118.382,144.725,173.004,26.646,1022.51
2012 October,422.975,70.392,75.404,126.675,150.504,160.371,27.578,1033.899
2012 November,438.715,88.458,79.543,127.523,143.192,161.754,26.875,1066.06
2012 December,464.234,108.173,84.661,127.832,143.568,168.919,27.759,1125.146
2013 January,494.248,129.385,90.929,129.615,144.319,174.449,28.942,1191.887
2013 February,442.154,110.553,83.119,117.389,131.092,155.911,26.242,1066.46
2013 March,463.854,106.299,83.996,123.356,150.202,163.956,29.299,1120.962
2013 April,409.492,75.308,69.996,117.178,147.01,144.086,28.239,991.3090000000001
2013 May,414.146,64.969,69.895,125.207,154.075,154.283,29.378,1011.953
2013 June,424.34,75.774,75.495,122.547,150.524,179.869,29.342,1057.891
2013 July,459.361,90.635,82.099,127.678,158.95,204.621,30.514,1153.858
2013 August,456.205,87.552,82.364,127.026,159.262,201.51,30.338,1144.2569999999998
2013 September,424.839,75.981,74.898,125.226,148.734,176.283,29.063,1055.0240000000001
2013 October,424.866,68.949,73.893,127.66,154.365,158.319,30.244,1038.2959999999998
2013 November,446.16,88.074,79.369,129.896,148.82,155.517,29.715,1077.551
2013 December,499.353,127.438,92.076,131.786,148.054,180.45,31.225,1210.3819999999998
2014 January,532.908,150.652,101.967,135.731,144.557,196.191,30.029,1292.0349999999999
2014 February,473.439,127.884,90.621,120.995,133.939,173.22,27.539,1147.637
2014 March,469.616,109.503,86.856,124.143,149.113,166.717,30.272,1136.22
2014 April,409.978,70.374,68.108,121.278,150.217,138.984,29.191,988.1300000000001
2014 May,416.063,66.542,71.273,124.151,154.097,155.552,29.89,1017.568
2014 June,426.252,75.588,75.897,122.872,151.895,178.438,30.179,1061.121
2014 July,456.842,86.583,80.743,129.358,160.157,198.313,31.215,1143.2109999999998
2014 August,457.457,86.285,81.556,129.861,159.755,200.54,31.423,1146.877
2014 September,422.119,74.294,74.182,125.199,148.445,171.502,29.575,1045.316
2014 October,425.476,67.328,72.711,127.736,157.701,152.741,30.529,1034.222
2014 November,447.029,90.787,80.272,126.867,149.104,153.901,29.974,1077.934
2014 December,476.849,110.9,84.698,126.547,154.705,162.199,31.333,1147.2310000000002
2015 January,506.487,134.125,95.18,129.562,147.62,172.876,29.524,1215.3740000000003
2015 February,472.142,125.146,91.401,120.267,135.329,163.771,27.294,1135.35
2015 March,455.732,98.844,79.359,122.547,154.981,147.886,29.442,1088.7910000000002
2015 April,395.98,63.661,65.381,116.065,150.872,127.366,28.718,948.043
2015 May,409.569,62.225,69.101,122.351,155.892,147.188,30.094,996.42
2015 June,431.102,74.314,75.747,125.741,155.3,177.008,29.851,1069.063
2015 July,463.68,88.853,82.001,129.442,163.384,200.034,31.022,1158.416
2015 August,454.83,85.825,80.282,126.803,161.92,193.772,31.099,1134.531
2015 September,418.574,72.765,73.838,118.664,153.306,169.957,29.649,1036.7530000000002
2015 October,409.797,65.828,71.536,115.632,156.8,143.738,29.588,992.9190000000001
2015 November,406.141,74.417,71.754,112.435,147.535,131.921,29.401,973.6039999999999
2015 December,438.164,92.691,75.324,115.939,154.21,136.268,30.572,1043.168
2016 January,482.871,121.934,89.018,124.584,147.334,158.962,29.006,1153.709
2016 February,433.661,97.468,75.447,117.949,142.796,133.172,28.088,1028.581
2016 March,409.905,71.518,64.902,115.009,158.477,116.408,29.365,965.5840000000001
2016 April,382.6,59.835,60.546,109.089,153.13,113.544,27.773,906.5169999999999
2016 May,390.128,57.139,63.103,111.197,158.689,129.116,29.416,938.788
2016 June,424.813,74.293,73.991,117.154,159.375,171.443,29.178,1050.247
2016 July,459.021,91.854,81.639,121.561,163.967,201.178,30.471,1149.691
2016 August,466.601,90.168,82.663,128.237,165.532,201.166,30.835,1165.202
2016 September,418.336,73.107,73.101,117.27,154.858,166.826,28.973,1032.471
2016 October,408.982,63.777,69.873,118.778,156.554,142.95,29.158,990.072
2016 November,405.964,69.084,68.747,116.743,151.39,126.821,29.662,968.4110000000001
2016 December,486.161,114.692,88.811,125.757,156.902,158.366,32.546,1163.2350000000001
2017 January,477.175,117.116,86.126,123.845,150.088,154.269,28.924,1137.5430000000001
2017 February,396.71,82.461,68.736,107.687,137.826,120.574,26.515,940.509
2017 March,435.682,83.39,73.045,118.953,160.295,127.9,29.53,1028.7949999999998
2017 April,383.41,58.484,60.16,112.207,152.559,116.733,28.161,911.7139999999999
2017 May,404.29,59.08,64.081,118.055,163.074,133.253,29.383,971.2160000000001
2017 June,415.751,67.967,68.749,117.473,161.562,155.953,29.537,1016.992
2017 July,451.29,84.89,77.259,125.203,163.938,188.431,30.061,1121.072
2017 August,444.252,78.404,74.948,123.007,167.892,177.824,30.679,1097.006
2017 September,402.75,63.955,66.684,117.03,155.081,148.632,28.219,982.3510000000001
2017 October,407.86,61.601,66.693,117.479,162.088,135.352,29.241,980.314
2017 November,425.794,77.561,71.903,122.53,153.801,131.347,29.245,1012.1809999999999
2017 December,486.237,113.629,87.073,126.9,158.634,152.283,30.275,1155.031
2018 January,512.107,137.56,93.684,128.616,152.248,166.498,30.305,1221.018
2018 February,414.79,93.512,72.124,110.464,138.69,123.067,27.038,979.6850000000002
2018 March,446.939,88.248,73.773,121.86,163.058,124.269,30.237,1048.384
2018 April,402.956,69.305,63.985,112.613,157.052,114.288,28.398,948.597
2018 May,406.704,58.543,63.109,120.052,165,134.298,30.306,978.0120000000001
2018 June,420.601,69.076,67.837,119.068,164.619,156.253,29.59,1027.0439999999999
2018 July,453.851,83.95,76.072,124.551,169.278,185.129,30.688,1123.5190000000002
2018 August,459.243,81.279,76.06,129.814,172.091,182.913,30.972,1132.3719999999998
2018 September,414.245,68.655,68.284,120.277,157.03,156.506,28.284,1013.281
2018 October,425.974,67.501,70.187,125.698,162.588,138.464,29.8,1020.212
2018 November,448.035,90.219,77.098,123.205,157.512,137.811,29.231,1063.1109999999999
2018 December,472.776,109.638,82.704,121.473,158.961,144.974,30.564,1121.09
2019 January,499.596,124.401,89.041,130.451,155.704,150.409,29.472,1179.0739999999998
2019 February,432.66,103.462,75.89,110.206,143.103,126.404,27.326,1019.0510000000002
2019 March,448.434,93.139,74.443,120.378,160.475,126.378,29.444,1052.691
2019 April,383.115,56.925,56.662,111.361,158.167,102.762,27.972,896.9639999999999
2019 May,398.985,56.198,59.566,118.466,164.755,120.541,29.505,948.016
2019 June,401.862,60.853,60.881,115.996,164.132,136.404,28.937,969.0649999999999
2019 July,442.433,79.148,71.559,122.479,169.248,172.189,30.039,1087.095
2019 August,443.764,76.349,70.838,124.063,172.514,167.077,30.045,1084.65
2019 September,403.689,65.31,64.004,117.105,157.27,146.665,28.167,982.21
2019 October,404.473,59.517,61.5,118.477,164.979,120.812,29.264,959.022
2019 November,432.714,84.613,71.64,121.062,155.399,122.546,28.852,1016.826
2019 December,455.267,100.068,75.647,121.08,158.471,125.316,29.841,1065.69
2020 January,450.744,101.793,75.699,121.331,151.921,120.822,27.865,1050.175
2020 February,418.6,89.574,68.679,115.641,144.705,108.891,26.155,972.245
2020 March,387.986,72.55,61.204,115.87,138.361,103.382,26.199,905.552
2020 April,305.725,58.729,47.925,93.988,105.083,87.316,23.421,722.1870000000001
2020 May,317.877,54.823,46.797,96.701,119.556,96.374,25.649,757.777
2020 June,348.243,61.989,54.232,100.033,131.989,125.497,25.682,847.665
2020 July,404.154,81.865,66.425,111.536,144.328,166.135,26.532,1000.975
2020 August,406.263,78.559,65.353,116.78,145.572,163.421,26.599,1002.5469999999999
2020 September,364.356,60.586,56.758,108.448,138.566,127.415,25.682,881.811
2020 October,371.518,58.575,58.141,112.239,142.564,115.043,26.036,884.116
2020 November,373.005,68.093,58.695,112.776,133.44,106.332,26.054,878.395
2020 December,436.778,105.388,74.284,120.287,136.818,129.53,27.32,1030.405
2021 January,449.623,114.738,77.157,121.132,136.596,131.76,26.171,1057.1770000000001
2021 February,420.55,114.059,77.897,104.291,124.303,132.798,23.983,997.881
2021 March,400.891,79.813,62.729,111.877,146.472,105.511,27.188,934.4809999999999
2021 April,369.006,57.74,54.227,111.054,145.986,98.178,26.05,862.2409999999999
2021 May,377.493,54.807,54.934,113.52,154.232,111.37,27.541,893.897
2021 June,404.981,68.097,64.429,115.907,156.548,148.67,26.712,985.3439999999999
2021 July,431.935,79.728,70.671,119.79,161.746,172.37,27.977,1064.217
2021 August,437.998,79.942,71.278,123.695,163.084,173.765,27.648,1077.41
2021 September,389.799,62.976,60.878,113.663,152.283,136.932,26.345,942.8760000000001
2021 October,389.215,55.944,59.771,116.15,157.35,118.298,27.229,923.9570000000001
2021 November,404.313,71.429,63.77,114.966,154.148,109.603,26.49,944.7189999999999
2021 December,430.104,88.372,68.079,117.099,156.554,113.241,27.702,1001.151
2022 January,475.897,122.575,85.994,122.826,144.502,143.23,27.074,1122.0980000000002
2022 February,420.809,101.72,73.007,108.197,137.885,118.156,24.97,984.7440000000001
2022 March,416.941,78.742,65.837,114.392,157.97,106.44,27.472,967.7940000000001
2022 April,373.164,59.838,56.446,106.74,150.14,98.168,26.377,870.8729999999999
2022 May,381.399,56.027,57.239,108.532,159.602,115.781,27.416,905.996
2022 June,395.373,64.642,61.461,112.153,157.117,139.772,27.19,957.7080000000001
2022 July,425.136,79.213,69.785,118.001,158.138,167.869,27.662,1045.804
2022 August,427.902,75.453,69.104,119.099,164.247,164.582,27.961,1048.348
2022 September,385.518,58.986,60.398,111.611,154.524,130.798,25.964,927.799
2022 October,382.289,55.183,59.163,111.405,156.538,110.521,26.945,902.044
2022 November,403.832,73.263,65.332,112.968,152.269,109.685,26.816,944.165
2022 December,452.505,108.169,80.448,111.916,151.972,133.456,27.058,1065.524
2023 January,434.511,101.579,74.263,111.808,146.861,118.102,26.495,1013.619
2023 February,388.516,84.663,65.176,100.858,137.82,97.446,23.684,898.1629999999999
2023 March,418,80.245,67.219,113.023,157.513,104.238,26.539,966.777
2023 April,362.435,54.322,52.081,105.579,150.453,89.612,24.453,838.935
2023 May,367.891,48.795,53.026,107.354,158.717,101.291,26.421,863.4950000000001
2023 June,384.098,56.598,58.654,109.148,159.698,126.019,25.563,919.778
2023 July,416.262,75.329,68.702,111.784,160.446,162.088,26.061,1020.672
2023 August,427.727,74.087,68.482,119.574,165.584,160.979,26.706,1043.139
2023 September,381.117,58.638,59.121,111.522,151.837,128.632,25.211,916.078
2023 October,386.169,53.894,59.497,112.233,160.544,110.076,25.969,908.3820000000001
2023 November,403.188,70.587,64.452,115.345,152.804,106.96,25.789,939.125
2023 December,424.735,88.329,70.412,110.975,155.018,115.479,26.458,991.4060000000001
2024 January,469.848,119.568,85.118,119.044,146.118,140.637,25.434,1105.767
2024 February,388.246,82.196,64.873,101.922,139.255,98.198,23.939,898.629
2024 March,384.57,66.869,59.295,104.054,154.352,91.82,25.503,886.4630000000001
2024 April,359.24,51.507,51.45,104.638,151.645,87.865,24.564,830.909
2024 May,375.328,49.615,53.567,109.467,162.679,105.827,26.273,882.756
2024 June,381.771,61.176,59.32,106.445,154.83,131.574,24.634,919.75
2024 July,421.996,74.126,66.766,116.183,164.92,158.401,25.681,1028.0729999999999
2024 August,415.895,70.523,66.311,114.17,164.891,154.313,26.044,1012.1469999999999
2024 September,374.5,56.052,58.53,108.169,151.749,125.418,24.914,899.332
2024 October,381.604,51.997,57.895,111.514,160.198,109.312,25.38,897.9
2024 November,382.502,63.438,61.359,108.444,149.261,103.187,25.132,893.3229999999999
2024 December,441.088,97.039,75.228,113.632,155.188,121.98,25.798,1029.953
2025 January,497.471,129.799,91.221,124.778,151.673,147.318,24.931,1167.191
2025 February,416.842,100.088,75.15,104.49,137.115,115.996,22.605,972.286
